text,real,predicted,category
"Resumo Neste artigo, estimamos uma tendência para a inflação brasileira com a finalidade de apresentar uma medida alternativa de inflação de longo prazo e trazer um novo complemento aos tradicionais núcleos de inflação. Além da análise econômica do comportamento dessa estimativa, aplica-se uma avaliação de capacidade preditiva em pseudo tempo real. A obtenção da tendência também permitiu verificarmos a dinâmica da persistência e da volatilidade do gap da inflação durante o atual regime monetário. No período em análise, os resultados revelam-se correlacionados com a conjuntura brasileira, com contribuições positivas da tendência no processo preditivo da inflação. Ainda, eles mostram uma resistência de convergência da taxa de inflação aos níveis preestabelecidos pelo CMN, diante de um considerável nível de persistência do gap da inflação. Já a volatilidade do gap corrobora e identifica ao mesmo tempo as grandes oscilações presentes no cenário econômico doméstico e externo. Abstract In this article, we estimate a trend for Brazilian inflation in order to present an alternative measure of long-term inflation and provide a complement to the traditional core inflation measures. In addition to the economic analysis of the behavior of this estimation, a pseudo-real-time predictive capability assessment is applied. Obtaining the trend also allowed us to verify the dynamics of the persistence and volatility of the inflation gap during the current monetary regime. In the period under review, the results are correlated with the Brazilian situation, with positive contributions from the trend in the inflation prediction process. Still, they show a resistance convergence of the inflation rate to the levels pre-established by the CMN, in view of a considerable persistence of the inflation gap. The volatility of the gap, on the other hand, corroborates and identifies, at the same time, the great oscillations present in the domestic and external economic scenario.",1,0,ML poco explicito
"Professional analysts' judgments of the political riskiness of 49 focal countries for the period 1983‐1985 were studied. Data were collected on nine predictor variables; each was significantly correlated at the 0.01 level with ratings of political riskiness. The highest correlation was with infant mortality and life expectancy; either accounted for roughly 50% of the variance in ratings. Different variables were better predictors of political risk within different geographic regions. A factor analysis suggested the presence of three underlying factors. The predictor variable with the highest loading was chosen to represent each of the three factors. These were: exchange rate differential; estimated inflation rate; and infant mortality rate. Approximately 75% of the variance in ratings could be accounted for on the basis of a linear combination of the three predictor variables. These three variables were capable of good prediction even for various subsets of countries based on geographic region or other criteria. Using all nine variables as predictors resulted in only marginal improvement. A cluster analysis revealed little difference among clusters of judges. Ratings by undergraduate students closely paralled those of professional analysts. As in previous studies of expert predictions and forecasts, claims of expertise in political risk analysis were better supported by command of factual knowledge than by differentially superior predictive ability.",1,0,etiqueta discutible
"Share of government expenditures in the GDPs are increasing virtually everywhere. Available data for developed countries indicate that the beginnings of this upward trend date back to the mid-19th century. Interestingly, economic growth rates did not increase significantly over time despite the increases in government expenditures. Low income countries today spend more than the double of what today’s developed economies were spending on average in 1900. However, this is not helping them to converge to richer economies. Why are government expenditures increasing then? This question might have global pertinence but due to the variety of country-specific factors, it can be best studied on a single country level. In this article, the country of focal interest is Turkey. Five important variables that might affect government expenditures from different angles are evaluated regarding their contributions to the out-of-sample predictions of government expenditures using random forest methodology. Military expenditures are estimated as primarily important for determining the government expenditures in Turkey in the last fifty years, while tax collections happened to be the second most important factor affecting the ups and downs of government expenditures around a time-varying average line. Per capita income, urbanization and inflation also affect government expenditures in various ways.",1,0,ML explicito pero minoritario
"This paper aims to use the local level models with GARCH and SV errors to predict Polish inflation. The series to be forecast, measured monthly, is consumer price index (CPI) in Poland during 1992-2008. We selected three forecasting models i.e. LL-GARCH(1,1) with Normal or Student errors and LL-SV. A simple AR(2)-SV model is used as a benchmark to assess the accuracy of prediction. The presented results indicate, that there is no clear advantage of LL models in forecasting Polish inflation over standard AR(2)-SV model, although all the models give satisfactory results.",0,1,prediccion estadistica confundida con ML
"This paper aims at improving the prediction accuracy through using combining forecasts approaches. In forecast combination, the crucial issue is the selection of the weights to be assigned to each model. In addition to traditional methods, we propose, also, two sophisticated approaches. These suggested methods are modified Bayesian Moving Average (BMA) and Extended Time-varying coefficient (ETVC). The first technique is based on merging the traditional BMA with other frequentist combination schemes to avoid the subjective prior inside the traditional Bayesian technique. The suggested ETVC approach provides consistent time-varying parameters even if there are some measurement errors, omitted variables bias and if the true functional form is unknown. Concerning the included models, we consider both linear and nonlinear models in order to calculate the forecasts of quarterly Egyptian CPI inflation. We find that our proposed scheme ETVC is superior to the best model and all other static combination schemes including the time-varying scheme based on the random walk coefficients updated (TVR) approach. Additionally, the suggested modified Bayesian approach improves the traditional BMA and overcomes the problem of depending on the arbitrary choice for the initial priors.",0,1,terminologia tecnica ambigua
"The aim of this research is to determine the dynamic model equation of autoregressive distributed lag by using koyck method, to find out the effect of log US dollar exchange rate and log inflation on log stock price in 20142018, and to forecast value of log stock price on January 2019August 2019. The data used in 20142018. The data was transformed into logarithm format. Time series plot of log US dollar exchange rate, log inflation, and log stock price suggest that the fluctuation in the data, for instance, both upward and downward trends, during the period. We obtained that the Koyck transformation could changed the lag distribution model into autoregressive distributed lag (ARDL) dynamic model. Furthermore, the log of US dollar exchange rate and log inflation have negative effect on log stock price in particular period. We measured forecasting accuracy using mean absolute prediction error (MAPE) and concluded that ARDL forecasting using Koyck model shows a significant increase in stock price.",0,1,prediccion estadistica confundida con ML
"The Consumer Price Index (CPI) is an important indicator to measure the level of inflation in our country. It reflects the impact of commodity price changes on the daily lives of residents. It is an important basis for governments at all levels to carry out fiscal policies and the central bank to formulate monetary policies. CPI data reflecting economic phenomena have obvious seasonal time series characteristics. By extracting a total of 59 months from January 2017 to November 2021 in our country, a seasonal differential autoregressive moving average model (SARIMA) is established for empirical analysis and prediction. The results show that SARIMA (0, 1, 0) (0, 1, 1)12 has a high degree of fitting and can better reflect the future trend of my country’s CPI. Based on this, using this model to predict the trend of my country’s CPI in 2022, it is found that my country’s CPI will remain stable at about 102% in 2022, which provides a certain reference for the decision-making of the government, enterprises and other market entities.",0,1,prediccion estadistica confundida con ML
"The fluctuations of curly red chili price affect the inflation rate in Indonesia. So that, the basic characteristics of price movement and correctly prediction for curly red chili price become concern in various studies. Empirical Mode Decomposition (EMD) method helps to examine behavioral characteristics of curly red chili prices in Indonesia easily. Ensemble EMD (EEMD) and modified EEMD are the decomposition method of time series which is development of EMD method. The decomposed data with EMD methods can also used for price forecast. The forecasting with ARIMA and trend polynomial performed to assess the effect of decomposition with EMD methods for forecast stability of curly red chili price in Indonesia under various conditions. The results show the most influence factor for price fluctuation of curly red chili in Indonesia is season and growing season. In this case, the ability of a decomposition method to produce the actual components that describe the pattern of data signals affect the accuracy of the predicted value obtained using the model. The predicted value using the decomposed data by modified EEMD always better than EEMD on the overall condition.",0,1,terminologia tecnica ambigua
"Abstract                   How do individuals form expectations about future inflation? We propose that individuals overweight inflation experienced during their lifetimes. This approach modifies existing adaptive learning models to allow for age-dependent updating of expectations in response to inflation surprises. Young individuals update their expectations more strongly than older individuals since recent experiences account for a greater share of their accumulated lifetime history. We find support for these predictions using 57 years of microdata on inflation expectations from the Reuters/Michigan Survey of Consumers. Differences in experiences strongly predict differences in expectations, including the substantial disagreement between young and old individuals in periods of highly volatile inflation, such as the 1970s. It also explains household borrowing and lending behavior, including the choice of mortgages.",1,0,etiqueta discutible
"This article introduces a new class of functional‐coefficient predictive regression models, where the regressors consist of auto‐regressors and latent factor regressors, and the coefficients vary with certain index variable. The unobservable factor regressors are estimated through imposing an approximate factor model on high dimensional exogenous variables and subsequently implementing the classical principal component analysis. With the estimated factor regressors, a local linear smoothing method is used to estimate the coefficient functions (with appropriate rotation) and obtain a one‐step ahead nonlinear forecast of the response variable, and then a wild bootstrap procedure is introduced to construct the prediction interval. Under regularity conditions, the asymptotic properties of the proposed methods are derived, showing that the local linear estimator and the nonlinear forecast using the estimated factor regressors are asymptotically equivalent to those using the true latent factor regressors. The developed model and methodology are further generalized to the factor‐augmented vector predictive regression with functional coefficients. Finally, some extensive simulation studies and an empirical application to forecast the UK inflation are given to examine the finite‐sample performance of the proposed model and methodology.",0,1,terminologia tecnica ambigua
"The russian federation's launch of a full-scale war against independent Ukraine on February 24, 2022, has presented unprecedented challenges to the country. In addition to resistance on the battlefield, Ukraine must implement adaptive macroeconomic policies to address the situation. This combination of military and economic efforts not only prevents economic collapse but also maintains fragile macroeconomic stability during wartime. Monetary stability becomes especially important, highlighting the absolute necessity for effective implementation of monetary policy.This article aims to identify the key characteristics of Ukraine's defence economy and forecast key policy rates and exchange rates during the war.The prerequisite for forecasting was the analysis of endogenous and exogenous factors determining the current state of the Ukrainian economy: index of business expectations in Ukraine and partner countries, state of international trade and balance of payments, disparities in the labour market, reorientation of the state budget to military needs, devaluation of the national currency, high inflation, increase of financial capital price.Modelling is based on consumer price index (CPI), household inflation expectations, key policy rate of the National Bank of Ukraine, real and nominal effective exchange rates hryvnia to USA dollar, gross and net international reserves, gross and net foreign exchange market interventions, the UK CPI, the USA CPI, EU CPI, and the weighted average yield of domestic government bonds. The methodology involved the use of the VECM model (Vector Error Correlation Model) and the Bagging machine learning method, adapted to time series. Using this methodology enabled an accurate forecast of the key policy rate. In determining the optimal exchange rate, a modified formula was used that takes into account the monetary base, total bank deposits, foreign currency deposits in banks, exchange rate in the black market, and international reserves. This modification enabled the prediction of an exchange rate that closely approximates the official exchange rate.",1,0,ML diluido en texto largo
"Standard theoretical models predict that higher inflation expectations generate greater current consumer spending at the zero lower bound of interest rates. However, recent empirical studies using U.S. micro data find negative results for this relationship. We use micro data for Japan, which has experienced low interest rates for a prolonged period, to estimate ordered probit models with a variety of controls. We find robust evidence supporting the prediction of standard models: survey respondents with higher expected inflation tend to indicate that their household has increased real spending compared with 1 year ago but will decrease it in the future. This relationship appears to be stronger for asset holders and older people. (JEL E20, E21, E30, E31, E50, E52)",1,0,etiqueta discutible
"The paper uses dynamic quantile regressions to estimate and forecast the conditional distribution of euro-area inflation. As in a Phillips curve relationship we assume that inflation quantiles depend on past inflation, the output gap, and other determinants, namely oil prices and the exchange rate. We find significant time variation in the shape of the distribution. Overall, the quantile regression approach describes the distribution of inflation better than a benchmark univariate trend-cycle model with stochastic volatility, which is known to perform very well in forecasting inflation. In an out-of-sample prediction exercise, the quantile regression approach provides forecasts of the conditional distribution of inflation that are superior, overall, to those produced by the benchmark model. Averaging the distribution forecasts of the different models improves robustness and in some cases results in the greatest accuracy of distributional forecasts.",1,0,etiqueta discutible
"In this work, the economic development and relation to social and demography indices in Albania were studied. Four time series (yearly data for the period 1995–2018) were considered: consumer price index (CPI), unemployment rate, inflation and life expectancy. In our approach, a first and fifth order multivariate Markov chain model was proposed to predict the economic situation in Albania in the proceedings years. Tests and accuracy analysis of the model were performed. The prediction probabilities fall in the interval of 0.47 to 0.52 and the accuracy of both models is 75%. Our approach is a short term probability forecast model that can be used by the policymakers to evaluate and undertake initiatives to improve the situation in the country. DOI: https://doi.org/10.3846/bm.2020.581",0,1,terminologia tecnica ambigua
"This paper aims at determining the various economic and non-economic factors that can influence the voting behaviour in the forthcoming United States Presidential Election using Lasso regression, a Machine learning algorithm. Even though contemporary discussions on the subject of the United States Presidential Election suggest that the level of unemployment in the economy will be a significant factor in determining the result of the election, in our study, it has been found that the rate of unemployment will not be the only significant factor in forecasting the election. However, various other economic factors such as the inflation rate, rate of economic growth, and exchange rates will not have a significant influence on the election result. The June Gallup Rating, is not the only significant factor for determining the result of the forthcoming presidential election. In addition to the June Gallup Rating, various other non-economic factors such as the performance of the contesting political parties in the midterm elections, Campaign spending by the contesting parties and scandals of the Incumbent President will also play a significant role in determining the result of the forthcoming United States Presidential Election. The paper explores the influence of all the aforementioned economic and non-economic factors on the voting behaviour of the voters in the forthcoming United States Presidential Election.   The proposed Lasso Regression model forecasts that the vote share for the incumbent Republican Party to be 41.63% in the 2020 US presidential election. This means that the incumbent party is most likely to lose the upcoming election.",1,0,ML explicito pero minoritario
"The chili is an important commodity in Indonesia, which has a fairly large price fluctuations. Fluctuations in prices often raises the risk of loss even have contributed to inflation. Chili price data is time series data that is not independent between observations (autocorrelation) and do not spread to normal. In addition, chili price data does not have the diversity of homogeneous data. One method that can be used to predict the pattern of the data is spline regression. The data used in this study is data the average weekly price of chili in Jakarta from January, 2010 to October, 2015. The best spline model is a second order spline models with three knots. The model has a value of Mean Absolute Percentage Error (MAPE) of 9.57% and determination coefficient of 86.41%. The model obtained in this research is already well in predicting the pattern of the chili price, but it was only able to predict well for a period of one month. Prediction chili prices in Jakarta for November are in the range of Rp 35.565. Keywords: chili price, regression, spline.",0,1,prediccion estadistica confundida con ML
"This article examines the statistical issues surrounding the Bank of England's density forecast of inflation and its presentation as a ‘fan chart’. The Bank's preferred central projection is the mode of the density but this underestimates ‘average inflation over a number of years’ in terms of which monetary stability is defined. An alternative fan chart based on central prediction intervals is presented, better reflecting the extent to which the overall balance of risks is on the upside of the inflation target. An ‘all-or-nothing’ loss function is seen to be implicit in the Bank's choices of statistical measures, but is unrealistic.",1,0,etiqueta discutible
A novel Bayesian method for inference in dynamic regression models is proposed where both the values of the regression coefficients and the importance of the variables are allowed to change over time. We focus on forecasting and so the parsimony of the model is important for good performance. A prior is developed which allows the shrinkage of the regression coefficients to suitably change over time and an efficient Markov chain Monte Carlo method for posterior inference is described. The new method is applied to two forecasting problems in econometrics: equity premium prediction and inflation forecasting. The results show that this method outperforms current competing Bayesian methods.,0,1,terminologia tecnica ambigua
"This paper examines the asymptotic and finite-sample properties of tests of equal forecast accuracy applied to direct, multi-step predictions from both non-nested and nested linear regression models. In contrast to earlier work in the literature, our asymptotics take account of the real-time, revised nature of the data. Monte Carlo simulations indicate that our asymptotic approximations yield reasonable size and power properties in most circumstances. The paper concludes with an examination of the real-time predictive content of various measures of economic activity for inflation.",1,0,etiqueta discutible
"Inflation is one of macroeconomics indicator can describe the economic development of the country. Inflation is one of the important factors, the high inflation can disturb the economy a country so it has been concerned by the government. Inflation can be caused by various factors, one of them come from the money supply. Inflation in Indonesia has a...",0,1,texto insuficiente
"The fact that predictions of inflation can create a self-fulfilling expectations trap creates a powerful incentive to balance output and inflation. Media reports, as a source of public information, contribute to formation of inflation expectations. We investigate how media coverage and possible media bias may affect inflation expectations using the sticky information paradigm and Bayesian learning theory. The findings suggest that the quantity of media reports may or may not affect inflation expectations, depending on media bias and the economic climate. However, media bias explicitly expands the deviation between expected and actual inflation, making media content more important to manage than volume of coverage for controlling inflation expectations.",1,0,REVISAR
"The percent change in the consumer price index (CPI) is one of the commonly used measures for estimating inflation and one of the most closely watched national economic statistics. A novel DGM (1,1) model is proposed in this paper for the CPI's prediction. A case study is used to demonstrate the procedure of the proposed method.",0,1,REVISAR
"Despite the turmoil in the global financial sector over the years, Asian banking stood still with many positive characteristics - stable, balanced competition, good governance, and profitable – becoming a fertile ground for performance studies. This paper departs from previous banking performance studies in Asia by proposing a novel stochastic Multi-Criteria Decision-Making (MCDM) based on sign decomposition, offering a novel perspective in five analytical fronts. First, criteria decorrelation and filtering from country and time impacts as an initial data treatment. Second, endogenous computation of bank criteria importance for the alternatives comprised by each bank and year under analysis, in a “one-stop-shop” approach. Third, derivation of partial performance scores for each criterion under each alternative, besides traditional overall performance scores for each alternative. Fourth, mapping the exogenous/endogenous relationships among bank filtered criteria from country and year impacts using transfer entropy. Fifth, prediction of the overall performance drivers in terms of country-related contextual variables using neural networks. Our findings indicate that bank liquidity, bank capitalization, net income as well as the ability to generate profit for the shareholders are significantly related to bank performance. In addition, we find that accounting standards have a significant impact on bank performance. Although inflation is found to be positively related to bank performance, the results show that bank performance is helpful to promote people’s economic standard and life expectancy. Our study provides important implications to macroeconomic management to balance the development of macroeconomic development and bank performance.",1,0,REVISAR
"We study the power spectra of f(R) inflation using a new technique in which the norm-squared of the mode functions is evolved. Our technique results in excellent analytic approximations for how the spectra depend upon the function $f(R)$. Although the spectra are numerically the same in the Jordan and Einstein frames for the same wave number $k$, they depend upon the geometries of these frames in quite different ways. For example, the power spectra in the two frames are different functions of the number of e-foldings until end of inflation. We discuss how future data on reheating can be used to distinguish f(R) inflation from scalar-driven inflation.",1,0,REVISAR
"There is general agreement in many forecasting contexts that combining individual predictions leads to better final forecasts. However, the relative error reduction in a combined forecast depends upon the extent to which the component forecasts contain unique/independent information. Unfortunately, obtaining independent predictions is difficult in many situations, as these forecasts may be based on similar statistical models and/or overlapping information. The current study addresses this problem by incorporating a measure of coherence into an analytic evaluation framework so that the degree of independence between sets of forecasts can be identified easily. The framework also decomposes the performance and coherence measures in order to illustrate the underlying aspects that are responsible for error reduction. The framework is demonstrated using UK retail prices index inflation forecasts for the period 1998–2014, and implications for forecast users are discussed.",1,0,REVISAR
"I investigate how professional forecasters update their uncertainty forecasts of output and inflation in response to macroeconomic news. I obtain a measure of individual uncertainty from the density forecasts of the Survey of Professional Forecasters for the United States (US-SPF) and the Euro area (ECB-SPF) and use it to test the prediction of Bayesian learning that uncertainty should decline as the forecast date nears the target date. Empirically, I find that the prediction is occasionally violated, in particular when forecasters experience unexpected news in the most recent data release, and following quarters in which they produce narrow density forecasts. The evidence indicates also significant heterogeneity in the updating behavior of forecasters in response to changes in these variables. In addition, I propose a method to solve the problem of the truncation of the density forecasts that occurs when a significant amount of probability is assigned to the open intervals.",1,0,REVISAR
"Clients need to be informed in advance of their likely future financial commitments and cost implications as the design evolves. This requires the estimation of building cost based on historic cost data that is updated by a forecasted Tender Price Index (TPI), with the reliability of the estimates depending significantly on accurate projections being obtained of the TPI for the forthcoming quarters. In practice, the prediction of construction tender price index movement entails a judgemental projection of future market conditions, including inflation. Statistical techniques such as Regression Analysis (RA) and Time Series (TS) modelling provide a powerful means of improving predictive accuracy when used individually. An integrated RA‐TS model is developed and its predictive power compared with the individual RA or TS models. The accuracy of the RA‐TS model is shown to outperform the individual RA and TS models in both one and two‐period forecasts, with the integrated RA‐TS model accurately predicting (95% confidence level) one‐quarter forecasts for all the 34 holdout periods involved, with only one period not meeting the confidence limit for two‐quarter forecasts.",0,1,REVISAR
"This paper investigates the problem of constructing prediction regions for forecast trajectories 1 to H periods into the future—a path forecast. When the null model is only approximative, or completely unavailable, one cannot either derive the usual analytic expressions or resample from the null model. In this context, this paper derives a method for constructing approximate rectangular regions for simultaneous probability coverage that correct for serial correlation in the case of elliptical distributions. In both Monte Carlo studies and an empirical application to the Greenbook path-forecasts of growth and inflation, the performance of this method is compared to the performances of the Bonferroni approach and the approach which ignores simultaneity.",1,0,REVISAR
"Significant surge in gold prices has attracted speculators, investors and intellectuals alike. Factors driving gold prices, the effectiveness of gold price predictions, the economic viability of gold mining, risk management using gold, and its comparisons against exchange rates and stock prices have been some of the consistent foci of researchers. Applying bibliometrics on 453 top articles published on gold between 1970 and 2021, we present a comprehensive overview of the academic discussions on one of the fast evolving research domains. Apart from identifying the publication and citation trends, we note seven intellectual clusters contributing to growth of the contemporary research identified as: dynamics of gold prices and its linkage with other asset prices, gold prices: forecasting and comparison, gold as an instrument for an inflation hedge, gold and currency market, economic policy and gold prices, role of gold in the global financial market, and expected value and volatility of gold.",0,1,REVISAR
"Using the regression model, a method that accommodates variables related to each other is called the simultaneous equation method. The study aims to determine the factors affecting inflation and rupiah exchange rate and model simultaneous equations towards the factors affecting inflation and rupiah exchange rate in Indonesia using Two-Stage Least Square. Data used in this study are secondary data obtained from the website of Statistics of Indonesia. Findings on the simultaneous equation model with two-stage least squares reveal that variables that significantly affect inflation are the Indonesia rupiah exchange rate and money supply. At the same time, variables that significantly affect the Indonesian rupiah exchange rate are inflation and money supply. The predictive value using the inflation and rupiah exchange rate equation indicates that the obtained MAPE (Mean Absolute Percentage Error) value does not exceed 50%. In conclusion, the prediction result using the inflation and Indonesia rupiah exchange rate equation is accurate.",0,1,REVISAR
